{
  "version": "2026-05-12T00:16:05.349536+00:00",
  "picks": {
    "2025-1.01": {
      "value": 706.8682725237345,
      "valueSf": 716.0552097370418,
      "valueTep": 698.1271267233853
    },
    "2025-1.02": {
      "value": 477.5517762077807,
      "valueSf": 523.0754353331938,
      "valueTep": 477.5517762077807
    },
    "2025-1.03": {
      "value": 409.02173288774867,
      "valueSf": 458.2695921915772,
      "valueTep": 408.492640043532
    },
    "2025-1.04": {
      "value": 382.7851619149287,
      "valueSf": 409.02173288774867,
      "valueTep": 382.7851619149287
    },
    "2025-1.05": {
      "value": 334.43646493730216,
      "valueSf": 382.1574036264203,
      "valueTep": 329.15581972611665
    },
    "2025-1.06": {
      "value": 309.71943174056656,
      "valueSf": 343.16884495967577,
      "valueTep": 309.71943174056656
    },
    "2025-1.07": {
      "value": 285.69955446601216,
      "valueSf": 313.48912049722793,
      "valueTep": 279.395265523428
    },
    "2025-1.08": {
      "value": 274.31466194254466,
      "valueSf": 285.75398555175974,
      "valueTep": 271.95808000418083
    },
    "2025-1.09": {
      "value": 269.20795173136923,
      "valueSf": 278.6974151307047,
      "valueTep": 264.70529952575924
    },
    "2025-1.10": {
      "value": 257.9785542590414,
      "valueSf": 269.6135674976411,
      "valueTep": 252.867190981629
    },
    "2025-1.11": {
      "value": 246.6236810679321,
      "valueSf": 258.20646340231735,
      "valueTep": 244.62608949502757
    },
    "2025-1.12": {
      "value": 228.9086141404772,
      "valueSf": 246.62368106793215,
      "valueTep": 228.9086141404772
    },
    "2025-2.01": {
      "value": 223.6534613768412,
      "valueSf": 237.18478327484777,
      "valueTep": 223.50003061823904
    },
    "2025-2.02": {
      "value": 214.28033940217117,
      "valueSf": 230.9287707739286,
      "valueTep": 211.9107294737307
    },
    "2025-2.03": {
      "value": 207.82915068536627,
      "valueSf": 223.79872119825757,
      "valueTep": 206.73722375109188
    },
    "2025-2.04": {
      "value": 202.58248768395998,
      "valueSf": 215.14291917429517,
      "valueTep": 196.96304756099997
    },
    "2025-2.05": {
      "value": 196.13110226156797,
      "valueSf": 211.91072947373075,
      "valueTep": 189.87594727350998
    },
    "2025-2.06": {
      "value": 189.93910814679865,
      "valueSf": 208.6792502050026,
      "valueTep": 179.9668448392641
    },
    "2025-2.07": {
      "value": 179.9668448392641,
      "valueSf": 203.49205970605587,
      "valueTep": 175.873426904797
    },
    "2025-2.08": {
      "value": 178.21326089348665,
      "valueSf": 195.6405888353657,
      "valueTep": 168.70753640717837
    },
    "2025-2.09": {
      "value": 168.70753640717837,
      "valueSf": 190.98106898326023,
      "valueTep": 166.39897451120976
    },
    "2025-2.10": {
      "value": 163.4045630563414,
      "valueSf": 186.79432721132108,
      "valueTep": 160.82171083359432
    },
    "2025-2.11": {
      "value": 153.430468958113,
      "valueSf": 179.9668448392641,
      "valueTep": 148.06337986208518
    },
    "2025-2.12": {
      "value": 147.3469673769867,
      "valueSf": 174.16184955683678,
      "valueTep": 143.36963042211178
    },
    "2025-3.01": {
      "value": 144.60397644074703,
      "valueSf": 168.70753640717842,
      "valueTep": 142.09545670299408
    },
    "2025-3.10": {
      "value": 117.50687800950679,
      "valueSf": 126.71700619411945,
      "valueTep": 115.8213761202134
    },
    "2025-3.11": {
      "value": 115.67006291708805,
      "valueSf": 122.62438755083642,
      "valueTep": 112.65325726298164
    },
    "2025-3.12": {
      "value": 112.32157653968751,
      "valueSf": 120.02897328912898,
      "valueTep": 108.462739366462
    },
    "2025-3.02": {
      "value": 142.09545670299408,
      "valueSf": 159.83349359686304,
      "valueTep": 137.66338672204637
    },
    "2025-3.03": {
      "value": 138.73664763777475,
      "valueSf": 154.31467787273888,
      "valueTep": 136.25896355486077
    },
    "2025-3.04": {
      "value": 136.1831457273653,
      "valueSf": 147.34696737698675,
      "valueTep": 132.5206192516071
    },
    "2025-3.05": {
      "value": 131.48051838852956,
      "valueSf": 145.98990500381845,
      "valueTep": 130.33965849785088
    },
    "2025-3.06": {
      "value": 127.42188295149407,
      "valueSf": 142.09545670299414,
      "valueTep": 127.4165832044745
    },
    "2025-3.07": {
      "value": 126.65424222143504,
      "valueSf": 135.98946919471092,
      "valueTep": 125.91315013558783
    },
    "2025-3.08": {
      "value": 124.28539486548543,
      "valueSf": 132.574958719025,
      "valueTep": 120.80177271481088
    },
    "2025-3.09": {
      "value": 120.02897328912893,
      "valueSf": 127.79358753299137,
      "valueTep": 118.36086035476941
    },
    "2025-4.01": {
      "value": 107.72410101487252,
      "valueSf": 116.90445530091098,
      "valueTep": 106.14044429038981
    },
    "2025-4.02": {
      "value": 103.07486205175657,
      "valueSf": 115.53984701319956,
      "valueTep": 102.37697750860528
    },
    "2025-4.03": {
      "value": 98.89803885551174,
      "valueSf": 112.32157653968751,
      "valueTep": 98.19614396093519
    },
    "2025-4.04": {
      "value": 97.57065470005983,
      "valueSf": 107.72410101487255,
      "valueTep": 97.57065470005983
    },
    "2025-4.05": {
      "value": 95.47244954735578,
      "valueSf": 102.3769775086053,
      "valueTep": 95.03238701469769
    },
    "2025-4.06": {
      "value": 91.4418985685223,
      "valueSf": 98.89803885551174,
      "valueTep": 88.11401916085883
    },
    "2025-4.07": {
      "value": 88.21520749263095,
      "valueSf": 96.66471943208549,
      "valueTep": 86.63957186101196
    },
    "2025-4.08": {
      "value": 86.63957186101196,
      "valueSf": 94.69220308092008,
      "valueTep": 84.74879216844217
    },
    "2025-4.09": {
      "value": 83.27455144882532,
      "valueSf": 89.46022845832275,
      "valueTep": 81.89027115725987
    },
    "2025-4.10": {
      "value": 79.92927706115213,
      "valueSf": 87.41528262479281,
      "valueTep": 77.96402621052752
    },
    "2025-4.11": {
      "value": 76.92927706115213,
      "valueSf": 84.41528262479281,
      "valueTep": 74.96402621052752
    },
    "2025-4.12": {
      "value": 73.92927706115213,
      "valueSf": 81.41528262479281,
      "valueTep": 71.96402621052752
    }
  }
}